site,site_label,wildtype,mutation,condition,protein_chain,protein_site,mut_score,site_mean
24,S24,S,G,minustet,A,24,-3.374883819,-3.374883819
32,H32,H,R,minustet,A,32,-10.31587258,-10.31587258
38,F38,F,L,minustet,A,38,-10.59040555,-10.59040555
40,Y40,Y,S,minustet,A,40,-9.594006058,-9.594006058
68,D68,D,G,minustet,A,68,-9.94483626,-9.94483626
70,H70,H,Y,minustet,A,70,-1.264884792,-1.264884792
77,E77,E,K,minustet,A,77,-1.350653527,-1.350653527
96,N96,N,Y,minustet,A,96,-3.754709183,-3.754709183
110,N110,N,I,minustet,A,110,-3.722651934,-3.722651934
111,K111,K,E,minustet,A,111,-10.71238164,-10.71238164
118,I118,I,T,minustet,A,118,-7.710562823,-7.710562823
122,P122,P,S,minustet,A,122,-5.170089233,-5.170089233
124,H124,H,Y,minustet,A,124,-2.040823581,-2.040823581
140,A140,A,S,minustet,A,140,-1.872988063,-1.872988063
